Date,Ticker,Company_Name,Title,Cleaned_Content,Density_Ticker,Density_Company,Sentiment,Url,PublishedAt,Source
2024-12-30,AOS,A. O. Smith,A. O. Smith (NYSE:AOS) Sets New 52-Week Low – Time to Sell?,smith co nyse aos get free report stock price reached new week low trading monday company traded low last traded volume chars,0.0,0.07317073170731707,0.10727272727272727,https://www.etfdailynews.com/2024/12/30/a-o-smith-nyseaos-sets-new-52-week-low-time-to-sell/,2024-12-30T16:53:01Z,ETF Daily News
2024-12-30,ABBV,AbbVie,Is AbbVie Inc. (ABBV) the Best Stock for 10 Years?,recently compiled list long term stock portfolio best stocks years article going take look abbvie inc nyse abbv stands long ter chars,0.0,0.02702702702702703,0.22499999999999998,https://finance.yahoo.com/news/abbvie-inc-abbv-best-stock-191033941.html,2024-12-30T19:10:33Z,Yahoo Entertainment
2024-12-30,ADBE,Adobe Inc.,Adobe Inc. (NASDAQ:ADBE) Short Interest Update,adobe inc nasdaq adbe get free report saw significant increase short interest month december december th short interest totalling shares increase chars,0.0,0.058823529411764705,0.19375,https://www.etfdailynews.com/2024/12/30/adobe-inc-nasdaqadbe-short-interest-update/,2024-12-30T15:16:07Z,ETF Daily News
2024-12-30,AMD,Advanced Micro Devices,"Jim Cramer Says Advanced Micro Devices, Inc. (AMD) Is ‘Dominating’",recently published article titled jim cramer bold predictions ai stocks article going take look advanced micro devices inc nasdaq amd stands chars,0.0,0.05555555555555555,0.24444444444444446,https://finance.yahoo.com/news/jim-cramer-says-advanced-micro-052044397.html,2024-12-30T05:20:44Z,Yahoo Entertainment
2024-12-30,AMD,Advanced Micro Devices,Analyst revisits AMD stock price target following 2024 slump,advanced micro devices shares edged lower early monday trading extending chipmaker second half slump one wall street analyst sees significantly upside risk heading chars,0.0,0.0967741935483871,0.14166666666666666,https://biztoc.com/x/054f37afba02dd46,2024-12-30T13:59:16Z,Biztoc.com
2024-12-30,GOOGL,Alphabet Inc. (Class A),Short Interest in Direxion Daily GOOGL Bear 1X Shares (NASDAQ:GGLS) Decreases By 33.3%,direxion daily googl bear x shares nasdaq ggls get free report recipient significant decrease short interest month december december th short chars,0.027777777777777776,0.0,0.155,https://www.etfdailynews.com/2024/12/30/short-interest-in-direxion-daily-googl-bear-1x-shares-nasdaqggls-decreases-by-33-3/,2024-12-30T13:32:46Z,ETF Daily News
2024-12-30,AMZN,Amazon,How many billions Big Tech spent on running AI in 2024,big tech spending billions artificial intelligence demand grows computing power advanced capabilities microsoft msft meta meta google googl amazon amzn spent chars,0.0,0.03225806451612903,-0.07499999999999998,https://qz.com/big-tech-spend-ai-data-centers-google-meta-microsoft-1851730034,2024-12-30T17:15:00Z,Quartz India
2024-12-30,AMZN,Amazon,Veteran fund manager reveals shocking Nvidia stock price target for 2025,measure nvidia nvda year ai chip superpower top performer called magnificent seven group include righteous tech names amazon amzn apple chars,0.0,0.02857142857142857,0.75,https://biztoc.com/x/1b9ecd4d6c562971,2024-12-30T20:13:09Z,Biztoc.com
2024-12-30,AMZN,Amazon,Jane Street Group LLC Takes $1.16 Million Position in Direxion Daily AMZN Bull 2X Shares (NASDAQ:AMZU),jane street group llc acquired new stake shares direxion daily amzn bull x shares nasdaq amzu free report third quarter holdingschannel reports fund acquired shar chars,0.029411764705882353,0.0,0.1340909090909091,https://www.etfdailynews.com/2024/12/30/jane-street-group-llc-takes-1-16-million-position-in-direxion-daily-amzn-bull-2x-shares-nasdaqamzu/,2024-12-30T08:27:09Z,ETF Daily News
2024-12-30,AMCR,Amcor,Amcor plc (NYSE:AMCR) Sees Significant Increase in Short Interest,amcor plc nyse amcr get free report recipient significant increase short interest month december december th short interest totalling chars,0.0,0.02857142857142857,0.19375,https://www.etfdailynews.com/2024/12/30/amcor-plc-nyseamcr-sees-significant-increase-in-short-interest/,2024-12-30T16:10:44Z,ETF Daily News
2024-12-30,AMGN,Amgen,Is Amgen Inc. (AMGN) the Best Pharma Dividend Stock to Buy In 2024?,recently compiled list best pharma dividend stocks buy article going take look amgen inc nasdaq amgn stands pharma divide chars,0.0,0.02564102564102564,0.5,https://finance.yahoo.com/news/amgen-inc-amgn-best-pharma-213613885.html,2024-12-30T21:36:13Z,Yahoo Entertainment
2024-12-30,APO,Apollo Global Management,"Apollo, SL Green, RXR Move Forward with 5 Times Square Conversion",new unit office residential conversion coming times square apollo global management apo along co owners sl green slg reality rxr officially filed plans c chars,0.0,0.0967741935483871,-0.02121212121212122,http://commercialobserver.com/2024/12/5-times-square-residential-conversion/,2024-12-30T17:23:27Z,Commercial Observer
2024-12-30,AAPL,Apple Inc.,Apple Inc. (NASDAQ:AAPL) Shares Acquired by Legacy Wealth Management Inc,legacy wealth management inc boosted stake apple inc nasdaq aapl free report rd quarter holdingschannel reports fund owned shares iphone maker chars,0.0,0.058823529411764705,0.4,https://www.etfdailynews.com/2024/12/30/apple-inc-nasdaqaapl-shares-acquired-by-legacy-wealth-management-inc/,2024-12-30T08:03:03Z,ETF Daily News
2024-12-30,AAPL,Apple Inc.,Apple Takes Large Lead in Global Market Cap Race,last march apple inc nasdaq aapl lost long held position worlds valuable company fell behind microsoft corp nasdaq msft billion dropped trillion mi chars,0.0,0.05714285714285714,-0.15,https://biztoc.com/x/ea1c44b191b789a4,2024-12-30T13:48:15Z,Biztoc.com
2024-12-30,AAPL,Apple Inc.,Apple Inc. (NASDAQ:AAPL) is Hedeker Wealth LLC’s 4th Largest Position,hedeker wealth llc increased position shares apple inc nasdaq aapl free report third quarter according recent form f filing securities amp exch chars,0.0,0.05555555555555555,0.13333333333333333,https://www.etfdailynews.com/2024/12/30/apple-inc-nasdaqaapl-is-hedeker-wealth-llcs-4th-largest-position/,2024-12-30T09:10:46Z,ETF Daily News
2024-12-30,AAPL,Apple Inc.,Apple Inc. (NASDAQ:AAPL) Holdings Cut by Cutter & CO Brokerage Inc.,cutter amp co brokerage inc reduced position apple inc nasdaq aapl free report third quarter according company recent filing securities chars,0.0,0.08108108108108109,0.13333333333333333,https://www.etfdailynews.com/2024/12/30/apple-inc-nasdaqaapl-holdings-cut-by-cutter-co-brokerage-inc/,2024-12-30T09:10:45Z,ETF Daily News
2024-12-30,AAPL,Apple Inc.,Apple Inc. (NASDAQ:AAPL) is SFE Investment Counsel’s Largest Position,sfe investment counsel lessened position shares apple inc nasdaq aapl free report rd quarter according company recent f filing sec chars,0.0,0.05405405405405406,0.10000000000000002,https://www.etfdailynews.com/2024/12/30/apple-inc-nasdaqaapl-is-sfe-investment-counsels-largest-position/,2024-12-30T08:02:54Z,ETF Daily News
2024-12-30,AAPL,Apple Inc.,Apple Inc. (NASDAQ:AAPL) Shares Bought by Cornerstone Wealth Advisors Inc.,cornerstone wealth advisors inc grew holdings apple inc nasdaq aapl free report third quarter holdings channel reports institutional investor owned shares chars,0.0,0.09090909090909091,0.2,https://www.etfdailynews.com/2024/12/30/apple-inc-nasdaqaapl-shares-bought-by-cornerstone-wealth-advisors-inc/,2024-12-30T08:02:50Z,ETF Daily News
2024-12-30,AAPL,Apple Inc.,Argyle Capital Management Inc. Increases Position in Apple Inc. (NASDAQ:AAPL),argyle capital management inc grew stake apple inc nasdaq aapl free report rd quarter holdingschannel reports fund owned shares iphone maker stoc chars,0.0,0.08823529411764706,0.4,https://www.etfdailynews.com/2024/12/30/argyle-capital-management-inc-increases-position-in-apple-inc-nasdaqaapl/,2024-12-30T09:10:45Z,ETF Daily News
2024-12-30,AAPL,Apple Inc.,Apple Inc. (NASDAQ:AAPL) Shares Bought by Smith Group Asset Management LLC,smith group asset management llc increased holdings shares apple inc nasdaq aapl free report rd quarter according company recent f filing chars,0.0,0.05555555555555555,0.2,https://www.etfdailynews.com/2024/12/30/apple-inc-nasdaqaapl-shares-bought-by-smith-group-asset-management-llc/,2024-12-30T08:02:54Z,ETF Daily News
2024-12-30,AAPL,Apple Inc.,Caldwell Sutter Capital Inc. Cuts Stock Position in Apple Inc. (NASDAQ:AAPL),caldwell sutter capital inc trimmed holdings shares apple inc nasdaq aapl free report third quarter holdings channel com reports firm owned shares chars,0.0,0.08571428571428572,0.06666666666666667,https://www.etfdailynews.com/2024/12/30/caldwell-sutter-capital-inc-cuts-stock-position-in-apple-inc-nasdaqaapl/,2024-12-30T09:10:46Z,ETF Daily News
2024-12-30,AAPL,Apple Inc.,Apple Inc. (NASDAQ:AAPL) is Signature Wealth Management Partners LLC’s Largest Position,signature wealth management partners llc grew stake apple inc nasdaq aapl free report third quarter holdingschannel reports fund owned shares iphone chars,0.0,0.06060606060606061,0.2,https://www.etfdailynews.com/2024/12/30/apple-inc-nasdaqaapl-is-signature-wealth-management-partners-llcs-largest-position/,2024-12-30T08:36:49Z,ETF Daily News
2024-12-30,AAPL,Apple Inc.,"Boston Financial Mangement LLC Sells 31,724 Shares of Apple Inc. (NASDAQ:AAPL)",boston financial mangement llc cut stake shares apple inc nasdaq aapl free report third quarter according company recent disclosure securiti chars,0.0,0.05555555555555555,0.1,https://www.etfdailynews.com/2024/12/30/boston-financial-mangement-llc-sells-31724-shares-of-apple-inc-nasdaqaapl/,2024-12-30T08:03:03Z,ETF Daily News
2024-12-30,AAPL,Apple Inc.,Gibraltar Capital Management Inc. Has $15.61 Million Stake in Apple Inc. (NASDAQ:AAPL),gibraltar capital management inc lifted stake apple inc nasdaq aapl free report rd quarter according recent disclosure securities amp exchange chars,0.0,0.09090909090909091,0.2,https://www.etfdailynews.com/2024/12/30/gibraltar-capital-management-inc-has-15-61-million-stake-in-apple-inc-nasdaqaapl/,2024-12-30T08:02:50Z,ETF Daily News
2024-12-30,AAPL,Apple Inc.,PBMares Wealth Management LLC Has $9.86 Million Stock Holdings in Apple Inc. (NASDAQ:AAPL),pbmares wealth management llc grew position apple inc nasdaq aapl free report rd quarter according recent filing securities amp exchange commission chars,0.0,0.058823529411764705,0.2,https://www.etfdailynews.com/2024/12/30/pbmares-wealth-management-llc-has-9-86-million-stock-holdings-in-apple-inc-nasdaqaapl/,2024-12-30T09:10:46Z,ETF Daily News
2024-12-30,AAPL,Apple Inc.,Apple (NASDAQ:AAPL) Shares Down 1.5% – Here’s Why,apple inc nasdaq aapl get free report mid day trading monday company traded low last traded approximately shares changed han chars,0.0,0.05714285714285714,0.0,https://www.etfdailynews.com/2024/12/30/apple-nasdaqaapl-shares-down-1-5-heres-why/,2024-12-30T18:13:15Z,ETF Daily News
2024-12-30,APTV,Aptiv,StockNews.com Initiates Coverage on Aptiv (NYSE:APTV),stocknews com began coverage shares aptiv nyse aptv free report report issued sunday firm issued hold rating auto parts company stock several brokerages chars,0.0,0.02857142857142857,0.06666666666666667,https://www.etfdailynews.com/2024/12/30/stocknews-com-initiates-coverage-on-aptiv-nyseaptv-2/,2024-12-30T08:05:00Z,ETF Daily News
2024-12-30,ADM,Archer Daniels Midland,ADM shareholder calls on CEO to step down over transparency issues,investing com shareholder archer daniels midland adm former executive company owned adm urging chief executive officer juan luciano resign call comes one year chars,0.029411764705882353,0.0,0.0,https://www.investing.com/news/stock-market-news/adm-shareholder-calls-on-ceo-to-step-down-over-transparency-issues-93CH-3791845,2024-12-30T18:52:13Z,Investing.com
2024-12-30,ANET,Arista Networks,AI Network Firm Faces Show-Me Moment As Outlook Leaves Analysts Looking For More,arista networks anet rallied nearly shares reaching time high dec pause arista stock formed bullish three weeks tight pattern buy point chars,0.0,0.08108108108108109,0.027142857142857146,https://www.investors.com/research/arista-stock-anet-ai-stocks/,2024-12-30T17:46:02Z,Investor's Business Daily
2024-12-30,ANET,Arista Networks,Arista Networks (NYSE:ANET) Stock Price Down 2.3% – Should You Sell?,arista networks inc nyse anet get free report share price dropped mid day trading monday stock traded low last traded approximately chars,0.0,0.02857142857142857,0.0,https://www.etfdailynews.com/2024/12/30/arista-networks-nyseanet-stock-price-down-2-3-should-you-sell/,2024-12-30T18:45:00Z,ETF Daily News
2024-12-30,ADP,Automatic Data Processing,"Short Interest in Automatic Data Processing, Inc. (NASDAQ:ADP) Increases By 10.7%",automatic data processing inc nasdaq adp get free report recipient large increase short interest month december december th short interest totallin chars,0.0,0.05714285714285714,0.15357142857142858,https://www.etfdailynews.com/2024/12/30/short-interest-in-automatic-data-processing-inc-nasdaqadp-increases-by-10-7/,2024-12-30T15:15:53Z,ETF Daily News
2024-12-30,BBY,Best Buy,"Best Buy Co., Inc. (NYSE:BBY) Short Interest Up 16.3% in December",best buy co inc nyse bby get free report saw large increase short interest month december december th short interest totalling shares increase chars,0.0,0.05555555555555555,0.32285714285714284,https://www.etfdailynews.com/2024/12/30/best-buy-co-inc-nysebby-short-interest-up-16-3-in-december/,2024-12-30T13:04:54Z,ETF Daily News
2024-12-30,TECH,Bio-Techne,Bio-Techne Co. (NASDAQ:TECH) Sees Significant Decrease in Short Interest,bio techne co nasdaq tech get free report target large decrease short interest december december th short interest totalling shares decrease chars,0.0,0.02857142857142857,0.15357142857142858,https://www.etfdailynews.com/2024/12/30/bio-techne-co-nasdaqtech-sees-significant-decrease-in-short-interest/,2024-12-30T07:08:58Z,ETF Daily News
2024-12-30,BA,Boeing,5 Things to Know Before the Stock Market Opens,u stock futures ticking lower markets ended last week sour note treasury yields remained elevated boeing ba stock falling premarket trading one pla chars,0.0,0.027777777777777776,-0.07500000000000001,https://biztoc.com/x/d3bb7c2cc2acdec8,2024-12-30T19:17:53Z,Biztoc.com
2024-12-30,BA,Boeing,"Stock Market Today: Dow Jones Skids As Boeing Falls On 737 Order; Tesla, Meta Fall (Live Coverage)",dow jones industrial average fell boeing ba dived south korea ordered inspection planes following deadly crash tesla tsla meta platforms meta fell chars,0.0,0.02857142857142857,-0.11666666666666665,https://biztoc.com/x/dfbcf829917bd505,2024-12-30T16:10:58Z,Biztoc.com
2024-12-30,BG,Bunge Global,Bunge Limited Finance Corp. Announces Extension of Exchange Offers,st louis business wire bunge global sa nyse bg bunge nyse bg today announced wholly owned subsidiary bunge limited finance corp blfc extended expiration da chars,0.0,0.10344827586206896,-0.03571428571428571,https://www.investing.com/news/press-releases/bunge-limited-finance-corp-announces-extension-of-exchange-offers-93CH-3791134,2024-12-30T10:08:04Z,Investing.com
2024-12-30,CCL,Carnival,Where Will Carnival Stock Be in 5 Years?,carnival nyse ccl nyse cuk stock made huge recovery since almost sinking every year since rebound getting better achieved record revenue fiscal ended chars,0.0,0.027777777777777776,0.45000000000000007,https://biztoc.com/x/9d7cdb6e842098e0,2024-12-30T14:21:21Z,Biztoc.com
2024-12-30,CBOE,Cboe Global Markets,Cboe Global Markets to Close its U.S. Markets January 9 in Honor of National Day of Mourning for Former President Jimmy Carter,chicago dec prnewswire cboe global markets nyse cboe inc cboe cboe world leading derivatives securities exchange network today announced u equities chars,0.03333333333333333,0.1,0.0,https://www.investing.com/news/press-releases/cboe-global-markets-to-close-its-us-markets-january-9-in-honor-of-national-day-of-mourning-for-former-president-jimmy-carter-93CH-3791865,2024-12-30T19:04:04Z,Investing.com
2024-12-30,CBOE,Cboe Global Markets,The TRADE predictions series 2025: A regulatory outlook,natan tiefenbrun president north american european equities cboe global markets following year elections around world appointment new european commission competitivenes chars,0.03333333333333333,0.1,0.022727272727272724,https://biztoc.com/x/4ee48616fc0f72a3,2024-12-30T10:08:59Z,Biztoc.com
2024-12-30,CBRE,CBRE Group,"CBRE Group, Inc. (NYSE:CBRE) Receives $133.33 Consensus PT from Analysts",shares cbre group inc nyse cbre get free report given consensus rating moderate buy ten brokerages covering stock marketbeat ratings reports four analy chars,0.02857142857142857,0.02857142857142857,0.13333333333333333,https://www.etfdailynews.com/2024/12/30/cbre-group-inc-nysecbre-receives-133-33-consensus-pt-from-analysts/,2024-12-30T07:42:54Z,ETF Daily News
2024-12-30,CMG,Chipotle Mexican Grill,"DEADLINE ALERT: Faruqi & Faruqi, LLP Investigates Claims on Behalf of Investors of Chipotle Mexican Grill",faruqi amp faruqi llp securities litigation partner james josh wilson encourages investors suffered losses exceeding chipotle contact directly discuss options chars,0.0,0.03333333333333333,0.1,https://www.investing.com/news/press-releases/deadline-alert-faruqi--faruqi-llp-investigates-claims-on-behalf-of-investors-of-chipotle-mexican-grill-93CH-3792066,2024-12-30T21:56:03Z,Investing.com
2024-12-30,CMG,Chipotle Mexican Grill,"CMG DEADLINE ALERT: ROSEN, A HIGHLY RECOGNIZED LAW FIRM, Encourages Chipotle Mexican Grill, Inc. Investors with Losses in Excess of $100K to Secure Counsel Before Important Deadline in Securities Clas",new york new york newsfile corp december rosen law firm global investor rights law firm reminds purchasers common stock chipotle mexican grill inc nyse nyse cmg chars,0.0,0.05714285714285714,-0.061038961038961045,https://www.investing.com/news/press-releases/cmg-deadline-alert-rosen-a-highly-recognized-law-firm-encourages-chipotle-mexican-grill-inc-investors-with-losses-in-excess-of-100k-to-secure-counsel-before-important-deadline-in-securities-clas-93CH-3790888,2024-12-30T04:36:03Z,Investing.com
2024-12-30,CMG,Chipotle Mexican Grill,"January 10, 2025 Deadline: Contact Levi & Korsinsky to Join Class Action Suit Against CMG",new york dec globe newswire levi amp korsinsky llp notifies investors chipotle mexican grill inc chipotle company nyse cmg class action securities lawsuit chars,0.0,0.06060606060606061,0.07878787878787878,https://www.globenewswire.com/news-release/2024/12/30/3002830/3080/en/January-10-2025-Deadline-Contact-Levi-Korsinsky-to-Join-Class-Action-Suit-Against-CMG.html,2024-12-30T18:03:00Z,GlobeNewswire
2024-12-30,CI,Cigna,Short Interest in The Cigna Group (NYSE:CI) Expands By 44.5%,cigna group nyse ci get free report recipient large increase short interest month december december th short interest totalling sha chars,0.0,0.027777777777777776,0.15357142857142858,https://www.etfdailynews.com/2024/12/30/short-interest-in-the-cigna-group-nyseci-expands-by-44-5/,2024-12-30T16:52:55Z,ETF Daily News
2024-12-30,C,Citigroup,Air Canada (TSE:AC) Price Target Cut to C$26.50 by Analysts at Citigroup,air canada tse ac get free report price objective decreased equities researchers citigroup c c research note issued monday baystreet ca reports firm chars,0.0,0.030303030303030304,-0.05,https://www.etfdailynews.com/2024/12/30/air-canada-tseac-price-target-cut-to-c26-50-by-analysts-at-citigroup/,2024-12-30T19:30:43Z,ETF Daily News
2024-12-30,CME,CME Group,"CME Group director William Shepard buys $64,282 in stock",william r shepard director cme group inc nasdaq cme recently acquired shares company valued according filing securities exchange commission shepard pu chars,0.030303030303030304,0.06060606060606061,0.0,https://www.investing.com/news/insider-trading-news/cme-group-director-william-shepard-buys-64282-in-stock-93CH-3792062,2024-12-30T21:52:47Z,Investing.com
2024-12-30,COST,Costco,Costco Doubled Down On DEI As A Business Case. What We Can All Learn.,costco anti dei rhetoric pushback bullying latest shareholder meeting costco board directors asked vote shareholder proposal address chars,0.0,0.05714285714285714,0.5,https://www.forbes.com/sites/dougmelville/2024/12/30/costco-doubled-down-on-dei-as-a-business-case-what-we-can-all-learn/,2024-12-30T16:08:29Z,Forbes
2024-12-30,COST,Costco,COSTCO's DEI tone deafness,seems costco gotten message doubling dei policies large companies many small ones jettisoning dei programs enough cos chars,0.0,0.02631578947368421,0.11607142857142858,https://www.americanthinker.com/blog/2024/12/costco_s_dei_tone_deafness.html,2024-12-30T05:00:00Z,Americanthinker.com
2024-12-30,COST,Costco,Costco defends DEI program as other major retailers drop controversial diversity push,costco board directors urging shareholders vote proposal would eliminate wholesale retailer diversity equity inclusion dei program success costco whol chars,0.0,0.03225806451612903,0.3,https://nypost.com/2024/12/30/business/costco-defends-dei-program-as-other-major-retailers-drop-controversial-diversity-push/,2024-12-30T23:58:42Z,New York Post
2024-12-30,CRWD,CrowdStrike,CrowdStrike (NASDAQ:CRWD) Shares Down 2.3% – Time to Sell?,shares crowdstrike holdings inc nasdaq crwd get free report monday company traded low last traded approximately shares trad chars,0.0,0.02857142857142857,0.0,https://www.etfdailynews.com/2024/12/30/crowdstrike-nasdaqcrwd-shares-down-2-3-time-to-sell/,2024-12-30T19:12:58Z,ETF Daily News
2024-12-30,CCI,Crown Castle,Crown Castle (NYSE:CCI) Hits New 1-Year Low – Here’s Why,crown castle inc nyse cci get free report share price reached new week low monday company traded low last traded volume shares traded chars,0.0,0.05128205128205128,0.10727272727272727,https://www.etfdailynews.com/2024/12/30/crown-castle-nysecci-hits-new-1-year-low-heres-why/,2024-12-30T16:53:00Z,ETF Daily News
2024-12-30,CCI,Crown Castle,Crown Castle stock hits 52-week low at $89.45 amid market shifts,crown castle international corp nyse cci shares touched week low dipping company navigates challenging economic landscape according investingpro data th chars,0.0,0.06666666666666667,0.175,https://www.investing.com/news/company-news/crown-castle-stock-hits-52week-low-at-8945-amid-market-shifts-93CH-3791579,2024-12-30T14:44:08Z,Investing.com
2024-12-30,CSX,CSX Corporation,SK Wealth Management LLC Takes Position in CSX Co. (NASDAQ:CSX),sk wealth management llc purchased new position csx co nasdaq csx free report rd quarter holdings channel com reports firm purchased shares transportation co chars,0.030303030303030304,0.030303030303030304,0.11212121212121212,https://www.etfdailynews.com/2024/12/30/sk-wealth-management-llc-takes-position-in-csx-co-nasdaqcsx/,2024-12-30T20:22:58Z,ETF Daily News
2024-12-30,DAY,Dayforce,Principal Financial Group Inc. Takes Position in Dayforce Inc (NYSE:DAY),principal financial group inc purchased new stake dayforce inc nyse day free report rd quarter holdingschannel reports fund purchased shares company stock chars,0.0,0.03125,0.1787878787878788,https://www.etfdailynews.com/2024/12/30/principal-financial-group-inc-takes-position-in-dayforce-inc-nyseday/,2024-12-30T08:30:52Z,ETF Daily News
2024-12-30,DELL,Dell Technologies,Dell embodied 2 of the corporate world's biggest themes in 2024: AI and RTO. It's paying off,michael dell chairman ceo dell technologies nurphoto gettyin companies seizing ai opportunity calling workers back office big businesses embodied trends mo chars,0.03333333333333333,0.03333333333333333,0.0,https://biztoc.com/x/9d3cbbbfbca68432,2024-12-30T11:03:45Z,Biztoc.com
2024-12-30,DVN,Devon Energy,Devon Energy (NYSE:DVN) Shares Up 2.1% – Should You Buy?,devon energy co nyse dvn get free report share price rose monday stock traded high last traded approximately shares traded hands mid chars,0.0,0.05555555555555555,0.12666666666666665,https://www.etfdailynews.com/2024/12/30/devon-energy-nysedvn-shares-up-2-1-should-you-buy/,2024-12-30T19:12:57Z,ETF Daily News
2024-12-30,DD,DuPont,"Short Interest in DuPont de Nemours, Inc. (NYSE:DD) Increases By 16.4%",dupont de nemours inc nyse dd get free report target significant growth short interest december december th short interest totalling shares g chars,0.0,0.027777777777777776,0.19375,https://www.etfdailynews.com/2024/12/30/short-interest-in-dupont-de-nemours-inc-nysedd-increases-by-16-4/,2024-12-30T07:08:59Z,ETF Daily News
2024-12-30,EBAY,eBay,"eBay - Samsung 34"" Odyssey OLED Curved Gaming Monitor $663.99",use ebay coupon code save samsung odyssey oled curved gaming monitor plus shipping free added min ago clicking link making purchase dealcatcher may ear chars,0.02631578947368421,0.02631578947368421,0.4,https://www.dealcatcher.com/deals/computers-office/desktops/samsung-odyssey-oled-curved-gaming-monitor-998366708,2024-12-30T17:10:51Z,Dealcatcher.com
2024-12-30,EA,Electronic Arts,"Electronic Arts CFO Stuart Canfield sells $148,180 in stock",stuart canfield executive vice president chief financial officer electronic arts inc nasdaq ea recently executed sale shares company common stock transaction wh chars,0.0,0.0625,-0.09999999999999999,https://www.investing.com/news/insider-trading-news/electronic-arts-cfo-stuart-canfield-sells-148180-in-stock-93CH-3792143,2024-12-30T23:25:44Z,Investing.com
2024-12-30,ENPH,Enphase Energy,"ROSEN, A TOP-RANKED LAW FIRM, Encourages Enphase Energy, Inc. Investors to Secure Counsel Before Important Deadline in Securities Class Action - ENPH",new york dec globe newswire rosen law firm global investor rights law firm reminds purchasers common stock enphase energy inc nasdaq enph april chars,0.0,0.027777777777777776,-0.11272727272727275,https://www.globenewswire.com/news-release/2024/12/30/3002939/673/en/ROSEN-A-TOP-RANKED-LAW-FIRM-Encourages-Enphase-Energy-Inc-Investors-to-Secure-Counsel-Before-Important-Deadline-in-Securities-Class-Action-ENPH.html,2024-12-30T23:34:00Z,GlobeNewswire
2024-12-30,ETR,Entergy,Entergy (NYSE:ETR) Stock Rating Upgraded by StockNews.com,stocknews com upgraded shares entergy nyse etr free report sell rating hold rating research note published sunday etr topic several reports bank chars,0.02702702702702703,0.02702702702702703,0.2,https://www.etfdailynews.com/2024/12/30/entergy-nyseetr-stock-rating-upgraded-by-stocknews-com/,2024-12-30T08:05:07Z,ETF Daily News
2024-12-30,ETR,Entergy,Entergy Corporation (NYSE:ETR) Short Interest Update,entergy corporation nyse etr get free report target large growth short interest december december th short interest totalling shares growth chars,0.0,0.027777777777777776,0.15357142857142858,https://www.etfdailynews.com/2024/12/30/entergy-corporation-nyseetr-short-interest-update/,2024-12-30T11:46:47Z,ETF Daily News
2024-12-30,EQT,EQT Corporation,EQT Target of Unusually Large Options Trading (NYSE:EQT),eqt co nyse eqt get free report saw unusually large options trading activity monday stock traders purchased call options stock increase compared typic chars,0.027777777777777776,0.027777777777777776,0.30714285714285716,https://www.etfdailynews.com/2024/12/30/eqt-target-of-unusually-large-options-trading-nyseeqt/,2024-12-30T20:00:36Z,ETF Daily News
2024-12-30,EXPD,Expeditors International,Expeditors International of Washington (NASDAQ:EXPD) Hits New 12-Month Low – Here’s What Happened,shares expeditors international washington inc nasdaq expd get free report reached new week low monday company traded low last traded vo chars,0.0,0.05405405405405406,0.0893939393939394,https://www.etfdailynews.com/2024/12/30/expeditors-international-of-washington-nasdaqexpd-hits-new-12-month-low-heres-what-happened/,2024-12-30T16:09:04Z,ETF Daily News
2024-12-30,FFIV,"F5, Inc.","Sanctuary Advisors LLC Makes New $192,000 Investment in F5, Inc. (NASDAQ:FFIV)",sanctuary advisors llc purchased new position f inc nasdaq ffiv free report rd quarter according company recent disclosure securities exchange chars,0.0,0.058823529411764705,0.1787878787878788,https://www.etfdailynews.com/2024/12/30/sanctuary-advisors-llc-makes-new-192000-investment-in-f5-inc-nasdaqffiv/,2024-12-30T08:28:56Z,ETF Daily News
2024-12-30,FICO,Fair Isaac,Fair Isaac Co. (NYSE:FICO) Given Average Recommendation of “Moderate Buy” by Brokerages,fair isaac co nyse fico get free report given consensus rating moderate buy thirteen research firms presently covering firm marketbeat com reports five rese chars,0.0,0.058823529411764705,0.18000000000000002,https://www.etfdailynews.com/2024/12/30/fair-isaac-co-nysefico-given-average-recommendation-of-moderate-buy-by-brokerages/,2024-12-30T07:26:52Z,ETF Daily News
2024-12-30,FMC,FMC Corporation,FMC stock touches 52-week low at $47.72 amid market challenges,year marked significant volatility fmc corporation nyse fmc stock recorded week low dipping agricultural sciences company known innovative crop protecti chars,0.03225806451612903,0.06451612903225806,0.24375,https://www.investing.com/news/company-news/fmc-stock-touches-52week-low-at-4772-amid-market-challenges-93CH-3791697,2024-12-30T15:42:26Z,Investing.com
2024-12-30,FMC,FMC Corporation,"Principal Financial Group Inc. Sells 24,464 Shares of FMC Co. (NYSE:FMC)",principal financial group inc reduced holdings fmc co nyse fmc free report third quarter holdingschannel reports firm owned shares basic materials co chars,0.029411764705882353,0.029411764705882353,0.04,https://www.etfdailynews.com/2024/12/30/principal-financial-group-inc-sells-24464-shares-of-fmc-co-nysefmc/,2024-12-30T08:37:10Z,ETF Daily News
2024-12-30,FMC,FMC Corporation,FMC (NYSE:FMC) Sets New 1-Year Low – Here’s Why,shares fmc co nyse fmc get free report hit new week low mid day trading monday company traded low last traded volume shares chars,0.024390243902439025,0.024390243902439025,0.0893939393939394,https://www.etfdailynews.com/2024/12/30/fmc-nysefmc-sets-new-1-year-low-heres-why/,2024-12-30T18:13:00Z,ETF Daily News
2024-12-30,F,Ford Motor Company,Official Ford Motors Account Labels Israel ‘Terrorist State’ In Possible Hacking Incident on X: ‘ALL EYES ON GAZA’,photo kristoffer tripplaar sipa usa sipa via ap images official account ford motor company x formerly twitter went viral monday suffering appeared account hack chars,0.0,0.09090909090909091,0.0,https://www.mediaite.com/news/official-ford-motors-account-labels-israel-terrorist-state-in-possible-hacking-incident-on-x-all-eyes-on-gaza/,2024-12-30T21:54:46Z,Mediaite
2024-12-30,F,Ford Motor Company,Ford F-Series Was America's Best-selling Vehicle in 2024,ford motor company sold u popular vehicle company claims year also marks th consecutive year ford f series held crown america best selling chars,0.0,0.14285714285714285,0.8,https://www.newsweek.com/ford-f-series-was-americas-best-selling-vehicle-2024-2007136,2024-12-30T11:00:02Z,Newsweek
2024-12-30,F,Ford Motor Company,Ford F-Series Was America's Best-selling Vehicle in 2024,ford motor company sold u popular vehicle company claims year also marks th consecutive year ford f series held crown america best selling chars,0.0,0.14285714285714285,0.8,https://biztoc.com/x/fb073122fccdef8d,2024-12-30T11:03:55Z,Biztoc.com
2024-12-30,IT,Gartner,Digital Marketing with AI | Will Digital Marketing be Replaced by AI?,digital marketing replaced ai question depth answer may seem artificial intelligence ai continues advance breakneck pace questions chars,0.02857142857142857,0.0,-0.3,https://cyberlinkdigital.com/will-digital-marketing-be-replaced-by-ai/,2024-12-30T09:11:16Z,Cyberlinkdigital.com
2024-12-30,GNRC,Generac,"Principal Financial Group Inc. Buys 3,426 Shares of Generac Holdings Inc. (NYSE:GNRC)",principal financial group inc lifted position generac holdings inc nyse gnrc free report third quarter according recent form f filing sec firm chars,0.0,0.027777777777777776,0.016666666666666673,https://www.etfdailynews.com/2024/12/30/principal-financial-group-inc-buys-3426-shares-of-generac-holdings-inc-nysegnrc/,2024-12-30T08:31:13Z,ETF Daily News
2024-12-30,HAS,Hasbro,New ‘Power Rangers’ Cinematic Universe Reportedly Underway,power rangers franchise experienced various adaptations reimaginings years aiming capture spirit teamwork heroism defines series rebo chars,0.030303030303030304,0.0,0.4,https://insidethemagic.net/2024/12/new-power-rangers-cinematic-universe-reportedly-underway-dr1/,2024-12-30T15:21:03Z,Inside the Magic
2024-12-30,HON,Honeywell,SK Wealth Management LLC Takes Position in Honeywell International Inc. (NASDAQ:HON),sk wealth management llc acquired new position honeywell international inc nasdaq hon free report third quarter according company recent filing securitie chars,0.0,0.029411764705882353,0.10727272727272727,https://www.etfdailynews.com/2024/12/30/sk-wealth-management-llc-takes-position-in-honeywell-international-inc-nasdaqhon/,2024-12-30T20:22:58Z,ETF Daily News
2024-12-30,IBM,IBM,IBM will release the largest ever quantum computer in 2025,multiple copies ibm quantum flamingo chip connected together ibm ibm planning build largest quantum computer far linking together smaller machines create one chars,0.05555555555555555,0.05555555555555555,0.03333333333333333,https://www.newscientist.com/article/2457325-ibm-will-release-the-largest-ever-quantum-computer-in-2025/,2024-12-30T16:00:24Z,New Scientist
2024-12-30,IBM,IBM,86Box: Emulator of x86-Based Machines,box low level x emulator runs older operating systems software designed ibm pc systems compatibles fairly recent system designs based pci bus ul chars,0.027777777777777776,0.027777777777777776,0.05555555555555555,https://github.com/86Box/86Box,2024-12-30T06:52:55Z,Github.com
2024-12-30,IBM,IBM,Running NetBSD 10.1 on a 1998 Toshiba laptop,notes running netbsd first personal laptop still keep toshiba satellite pro mb ram gb ibm ide hd summary latest netbsd run chars,0.023809523809523808,0.023809523809523808,0.25,https://www.osnews.com/story/141441/running-netbsd-10-1-on-a-1998-toshiba-laptop/,2024-12-30T14:59:34Z,Osnews.com
2024-12-30,IBM,IBM,UK launches antitrust review of IBM’s proposed HashiCorp acquisition,u k antitrust regulator launched inquiry ibm corp proposed acquisition hashicorp inc billion competition markets authority cma announced move toda chars,0.03125,0.03125,0.0,https://siliconangle.com/2024/12/30/uk-launches-antitrust-review-ibms-proposed-hashicorp-acquisition/,2024-12-30T22:07:27Z,SiliconANGLE News
2024-12-30,INTC,Intel,Intel's Stock Falls 3% On Weak Performance and Product Delays,shares intel corporation intc financial dropped monday investors growing concerns long term strategy leadership primarily responsible company rec chars,0.0,0.03125,0.05000000000000001,https://finance.yahoo.com/news/intels-stock-falls-3-weak-164001773.html,2024-12-30T16:40:01Z,Yahoo Entertainment
2024-12-30,INTC,Intel,Short Interest in Intel Co. (NASDAQ:INTC) Decreases By 7.3%,intel co nasdaq intc get free report saw significant decrease short interest month december december th short interest totalling shares decr chars,0.0,0.029411764705882353,0.19375,https://www.etfdailynews.com/2024/12/30/short-interest-in-intel-co-nasdaqintc-decreases-by-7-3/,2024-12-30T13:04:53Z,ETF Daily News
2024-12-30,ICE,Intercontinental Exchange,NYSE to close for Carter's National Day of Mourning,new york new york stock exchange operated intercontinental exchange inc nyse nyse ice billion market cap company strong revenue growth last twelve mont chars,0.0,0.029411764705882353,0.1765151515151515,https://www.investing.com/news/company-news/nyse-to-close-for-carters-national-day-of-mourning-93CH-3791645,2024-12-30T15:05:46Z,Investing.com
2024-12-30,INTU,Intuit,Intuit TurboTax Launches ‘Now This Is Taxes’ Campaign Showcasing Its Revolutionary New Taxes ‘Done-For-You’ Experiences at Unbeatable Prices,author article intuit logo lock upbusiness wire article content intuits ai driven virtual expert platform redefines new era tax preparation consumers small businesses mountai chars,0.0,0.03225806451612903,-0.05681818181818182,https://financialpost.com/pmn/business-wire-news-releases-pmn/intuit-turbotax-launches-now-this-is-taxes-campaign-showcasing-its-revolutionary-new-taxes-done-for-you-experiences-at-unbeatable-prices,2024-12-30T13:11:40Z,Financial Post
2024-12-30,INTU,Intuit,"Intuit TurboTax Launches ""Now This Is Taxes"" Campaign Showcasing Its Revolutionary New Taxes 'Done-For-You' Experiences at Unbeatable Prices",intuit ai driven virtual expert platform redefines new era tax preparation consumers small businesses mountain view calif business wire intuit inc nasdaq intu global chars,0.0,0.03333333333333333,-0.03787878787878788,https://www.investing.com/news/press-releases/intuit-turbotax-launches-now-this-is-taxes-campaign-showcasing-its-revolutionary-new-taxes-doneforyou-experiences-at-unbeatable-prices-93CH-3791387,2024-12-30T13:12:04Z,Investing.com
2024-12-30,IVZ,Invesco,Invesco Ltd. (NYSE:IVZ) Short Interest Up 16.3% in December,invesco ltd nyse ivz get free report target significant increase short interest december december th short interest totalling shares increas chars,0.0,0.029411764705882353,0.19375,https://www.etfdailynews.com/2024/12/30/invesco-ltd-nyseivz-short-interest-up-16-3-in-december/,2024-12-30T13:04:52Z,ETF Daily News
2024-12-30,JBL,Jabil,"Jabil Inc. (JBL) Drives Growth with AI Integration, Strategic Partnerships, and Strong Q1 Performance; Price Target Raised to $165 by BofA Analyst",recently compiled list important ai news ratings investors radar article going take look jabil inc nyse jbl stands ai stocks chars,0.0,0.02564102564102564,0.2,https://finance.yahoo.com/news/jabil-inc-jbl-drives-growth-121304367.html,2024-12-30T12:13:04Z,Yahoo Entertainment
2024-12-30,JNJ,Johnson & Johnson,Johnson & Johnson (NYSE:JNJ) Stock Price Down 1.4% – Time to Sell?,johnson amp johnson nyse jnj get free report stock price mid day trading monday company traded low last traded approximately chars,0.0,0.05714285714285714,0.0,https://www.etfdailynews.com/2024/12/30/johnson-johnson-nysejnj-stock-price-down-1-4-time-to-sell/,2024-12-30T19:13:00Z,ETF Daily News
2024-12-30,JNJ,Johnson & Johnson,"SK Wealth Management LLC Takes $234,000 Position in Johnson & Johnson (NYSE:JNJ)",sk wealth management llc acquired new position shares johnson amp johnson nyse jnj free report rd quarter according recent disclosure securities amp exch chars,0.0,0.05714285714285714,0.1787878787878788,https://www.etfdailynews.com/2024/12/30/sk-wealth-management-llc-takes-234000-position-in-johnson-johnson-nysejnj/,2024-12-30T20:23:03Z,ETF Daily News
2024-12-30,JPM,JPMorgan Chase,JPMorgan Chase & Co. (NYSE:JPM) Stock Price Down 1.1% – What’s Next?,jpmorgan chase amp co nyse jpm share price dropped trading monday stock traded low last traded approximately shares traded dur chars,0.0,0.058823529411764705,-0.13333333333333333,https://www.etfdailynews.com/2024/12/30/jpmorgan-chase-co-nysejpm-stock-price-down-1-1-whats-next/,2024-12-30T19:12:55Z,ETF Daily News
2024-12-30,KKR,KKR,Barclays PLC Raises Stock Position in KKR Real Estate Finance Trust Inc. (NYSE:KREF),barclays plc raised position kkr real estate finance trust inc nyse kref free report rd quarter holdingschannel com reports firm owned shares com chars,0.029411764705882353,0.029411764705882353,0.13333333333333336,https://www.etfdailynews.com/2024/12/30/barclays-plc-raises-stock-position-in-kkr-real-estate-finance-trust-inc-nysekref/,2024-12-30T08:12:53Z,ETF Daily News
2024-12-30,KKR,KKR,"Geode Capital Management LLC Sells 19,270 Shares of KKR Real Estate Finance Trust Inc. (NYSE:KREF)",geode capital management llc trimmed holdings shares kkr real estate finance trust inc nyse kref free report third quarter according recent f filing w chars,0.027777777777777776,0.027777777777777776,0.15000000000000002,https://www.etfdailynews.com/2024/12/30/geode-capital-management-llc-sells-19270-shares-of-kkr-real-estate-finance-trust-inc-nysekref/,2024-12-30T08:56:46Z,ETF Daily News
2024-12-30,KR,Kroger,JPMorgan Chase & Co. Boosts Stock Position in The Kroger Co. (NYSE:KR),jpmorgan chase amp co raised stake kroger co nyse kr free report rd quarter holdingschannel reports firm owned shares company stock aft chars,0.0,0.02857142857142857,0.1,https://www.etfdailynews.com/2024/12/30/jpmorgan-chase-co-boosts-stock-position-in-the-kroger-co-nysekr/,2024-12-30T08:31:05Z,ETF Daily News
2024-12-30,LW,Lamb Weston,"Principal Financial Group Inc. Purchases 3,927 Shares of Lamb Weston Holdings, Inc. (NYSE:LW)",principal financial group inc raised position shares lamb weston holdings inc nyse lw free report rd quarter according recent f filing securit chars,0.0,0.05555555555555555,0.13333333333333333,https://www.etfdailynews.com/2024/12/30/principal-financial-group-inc-purchases-3927-shares-of-lamb-weston-holdings-inc-nyselw/,2024-12-30T08:31:04Z,ETF Daily News
2024-12-30,LEN,Lennar,Lennar (NYSE:LEN) Sets New 12-Month Low – Here’s Why,lennar co nyse len get free report shares reached new week low monday stock traded low last traded volume shares traded stock ha chars,0.0,0.025,0.10727272727272727,https://www.etfdailynews.com/2024/12/30/lennar-nyselen-sets-new-12-month-low-heres-why/,2024-12-30T16:53:02Z,ETF Daily News
2024-12-30,LMT,Lockheed Martin,Lockheed Martin (NYSE:LMT) Stock Price Down 1.2% – Time to Sell?,shares lockheed martin co nyse lmt get free report trading monday company traded low last traded approximately shares chars,0.0,0.05555555555555555,0.0,https://www.etfdailynews.com/2024/12/30/lockheed-martin-nyselmt-stock-price-down-1-2-time-to-sell/,2024-12-30T19:12:56Z,ETF Daily News
2024-12-30,LYB,LyondellBasell,LyondellBasell Industries (NYSE:LYB) Reaches New 52-Week Low – Here’s Why,lyondellbasell industries nyse lyb get free report shares hit new week low monday stock traded low last traded volume shares trading han chars,0.0,0.02631578947368421,0.10727272727272727,https://www.etfdailynews.com/2024/12/30/lyondellbasell-industries-nyselyb-reaches-new-52-week-low-heres-why/,2024-12-30T18:12:52Z,ETF Daily News
2024-12-30,MTCH,Match Group,"Principal Financial Group Inc. Grows Holdings in Match Group, Inc. (NASDAQ:MTCH)",principal financial group inc boosted stake match group inc nasdaq mtch free report rd quarter holdingschannel reports fund owned shares technol chars,0.0,0.06060606060606061,0.2,https://www.etfdailynews.com/2024/12/30/principal-financial-group-inc-grows-holdings-in-match-group-inc-nasdaqmtch/,2024-12-30T08:31:15Z,ETF Daily News
2024-12-30,MRK,Merck & Co.,"Is Merck & Co., Inc. (MRK) the Best Pharma Dividend Stock to Buy In 2024?",recently compiled list best pharma dividend stocks buy article going take look merck amp co inc nyse mrk stands pharm chars,0.0,0.025,0.5,https://finance.yahoo.com/news/merck-co-inc-mrk-best-223205960.html,2024-12-30T22:32:05Z,Yahoo Entertainment
2024-12-30,META,Meta Platforms,"As Nvidia Tests One Line, This Fellow Mag 7 Draws Another",draws close nvidia nvda continues cling support day exponential moving average time meta platforms meta looks ring new year return chars,0.025,0.05,-0.0068181818181818205,https://www.investors.com/research/how-to-find-the-best-stocks-to-buy/meta-stock-meta-platforms-nvidia-stock/,2024-12-30T21:11:02Z,Investor's Business Daily
2024-12-30,META,Meta Platforms,"Jim Cramer Says Meta Platforms, Inc. (META) ‘Has The Best Numbers Of Any Of The Tech Titans’",recently published article titled jim cramer bold predictions ai stocks article going take look meta platforms inc nasdaq meta stands chars,0.02857142857142857,0.02857142857142857,0.16666666666666666,https://finance.yahoo.com/news/jim-cramer-says-meta-platforms-054928445.html,2024-12-30T05:49:28Z,Yahoo Entertainment
2024-12-30,META,Meta Platforms,"Stock Market Today: Dow Jones Skids As Boeing Falls On 737 Order; Tesla, Meta Fall (Live Coverage)",dow jones industrial average fell boeing ba dived south korea ordered inspection planes following deadly crash tesla tsla meta platforms meta fell chars,0.02857142857142857,0.05714285714285714,-0.11666666666666665,https://biztoc.com/x/dfbcf829917bd505,2024-12-30T16:10:58Z,Biztoc.com
2024-12-30,MU,Micron Technology,Micron Technology (NASDAQ:MU) Shares Down 3.5% – Here’s Why,shares micron technology inc nasdaq mu get free report fell mid day trading monday stock traded low last traded shares changed hand chars,0.0,0.027777777777777776,0.1,https://www.etfdailynews.com/2024/12/30/micron-technology-nasdaqmu-shares-down-3-5-heres-why/,2024-12-30T18:45:04Z,ETF Daily News
2024-12-30,MSFT,Microsoft,How many billions Big Tech spent on running AI in 2024,big tech spending billions artificial intelligence demand grows computing power advanced capabilities microsoft msft meta meta google googl amazon amzn spent chars,0.0,0.03225806451612903,-0.07499999999999998,https://qz.com/big-tech-spend-ai-data-centers-google-meta-microsoft-1851730034,2024-12-30T17:15:00Z,Quartz India
2024-12-30,MSFT,Microsoft,Today in Apple history: Microsoft hits the height of its ’90s power,december microsoft hits height dominance begins early decline clearing gap top apple hitting time high microsoft stock chars,0.0,0.05714285714285714,0.25333333333333335,https://www.cultofmac.com/apple-history/microsoft-hits-height-of-its-90s-power,2024-12-30T18:40:40Z,Cult of Mac
2024-12-30,MSFT,Microsoft,Direxion Daily MSFT Bull 2X Shares (NASDAQ:MSFU) Short Interest Update,direxion daily msft bull x shares nasdaq msfu get free report target large growth short interest month december december th short interest total chars,0.02702702702702703,0.0,0.10238095238095239,https://www.etfdailynews.com/2024/12/30/direxion-daily-msft-bull-2x-shares-nasdaqmsfu-short-interest-update/,2024-12-30T10:52:52Z,ETF Daily News
2024-12-30,MSFT,Microsoft,Apple Takes Large Lead in Global Market Cap Race,last march apple inc nasdaq aapl lost long held position worlds valuable company fell behind microsoft corp nasdaq msft billion dropped trillion mi chars,0.0,0.02857142857142857,-0.15,https://biztoc.com/x/ea1c44b191b789a4,2024-12-30T13:48:15Z,Biztoc.com
2024-12-30,MSFT,Microsoft,Burr Financial Services LLC Lowers Position in Microsoft Co. (NASDAQ:MSFT),burr financial services llc lowered stake shares microsoft co nasdaq msft free report rd quarter according company recent disclosure sec chars,0.0,0.02702702702702703,0.07500000000000001,https://www.etfdailynews.com/2024/12/30/burr-financial-services-llc-lowers-position-in-microsoft-co-nasdaqmsft/,2024-12-30T08:08:50Z,ETF Daily News
2024-12-30,MSFT,Microsoft,Microsoft Co. (NASDAQ:MSFT) Holdings Raised by Diversify Wealth Management LLC,diversify wealth management llc increased stake microsoft co nasdaq msft free report third quarter holdingschannel reports firm owned shares softwa chars,0.0,0.03125,0.06666666666666667,https://www.etfdailynews.com/2024/12/30/microsoft-co-nasdaqmsft-holdings-raised-by-diversify-wealth-management-llc/,2024-12-30T08:08:51Z,ETF Daily News
2024-12-30,MSFT,Microsoft,Microsoft Co. (NASDAQ:MSFT) is Tandem Capital Management Corp ADV’s Largest Position,tandem capital management corp adv lowered position microsoft co nasdaq msft free report third quarter according company recent disclosure chars,0.0,0.02857142857142857,0.13333333333333333,https://www.etfdailynews.com/2024/12/30/microsoft-co-nasdaqmsft-is-tandem-capital-management-corp-advs-largest-position/,2024-12-30T08:08:50Z,ETF Daily News
2024-12-30,MSFT,Microsoft,S.A. Mason LLC Grows Stock Holdings in Microsoft Co. (NASDAQ:MSFT),mason llc boosted position microsoft co nasdaq msft free report third quarter according recent filing sec institutional investor owned chars,0.0,0.02857142857142857,0.07500000000000001,https://www.etfdailynews.com/2024/12/30/s-a-mason-llc-grows-stock-holdings-in-microsoft-co-nasdaqmsft/,2024-12-30T08:08:53Z,ETF Daily News
2024-12-30,MSFT,Microsoft,Fiducient Advisors LLC Has $2.64 Million Stock Position in Microsoft Co. (NASDAQ:MSFT),fiducient advisors llc cut stake shares microsoft co nasdaq msft free report rd quarter holdings channel reports institutional investor owned shares chars,0.0,0.029411764705882353,0.4,https://www.etfdailynews.com/2024/12/30/fiducient-advisors-llc-has-2-64-million-stock-position-in-microsoft-co-nasdaqmsft/,2024-12-30T08:08:52Z,ETF Daily News
2024-12-30,MSFT,Microsoft,Microsoft Co. (NASDAQ:MSFT) Shares Purchased by Cornerstone Wealth Group LLC,cornerstone wealth group llc lifted position shares microsoft co nasdaq msft free report rd quarter holdings channel reports firm owned shares chars,0.0,0.02857142857142857,0.1,https://www.etfdailynews.com/2024/12/30/microsoft-co-nasdaqmsft-shares-purchased-by-cornerstone-wealth-group-llc/,2024-12-30T08:08:51Z,ETF Daily News
2024-12-30,MSFT,Microsoft,Microsoft Co. (NASDAQ:MSFT) is Solidarity Wealth LLC’s 2nd Largest Position,solidarity wealth llc increased holdings microsoft co nasdaq msft free report third quarter according company recent f filing securities chars,0.0,0.029411764705882353,0.13333333333333333,https://www.etfdailynews.com/2024/12/30/microsoft-co-nasdaqmsft-is-solidarity-wealth-llcs-2nd-largest-position/,2024-12-30T08:08:50Z,ETF Daily News
2024-12-30,MSFT,Microsoft,Microsoft Co. (NASDAQ:MSFT) is Pinnacle Associates Ltd.’s 2nd Largest Position,pinnacle associates ltd increased position microsoft co nasdaq msft free report rd quarter according company recent form f filing secur chars,0.0,0.02857142857142857,0.2,https://www.etfdailynews.com/2024/12/30/microsoft-co-nasdaqmsft-is-pinnacle-associates-ltd-s-2nd-largest-position/,2024-12-30T08:08:50Z,ETF Daily News
2024-12-30,MSFT,Microsoft,Capstone Triton Financial Group LLC Sells 91 Shares of Microsoft Co. (NASDAQ:MSFT),capstone triton financial group llc decreased holdings shares microsoft co nasdaq msft free report rd quarter holdings channel com reports firm owned share chars,0.0,0.030303030303030304,-0.05,https://www.etfdailynews.com/2024/12/30/capstone-triton-financial-group-llc-sells-91-shares-of-microsoft-co-nasdaqmsft/,2024-12-30T08:08:52Z,ETF Daily News
2024-12-30,MSFT,Microsoft,Milestones Administradora de Recursos Ltda. Has $52.11 Million Stock Holdings in Microsoft Co. (NASDAQ:MSFT),milestones administradora de recursos ltda lifted holdings microsoft co nasdaq msft free report third quarter holdingschannel reports firm owned shares chars,0.0,0.03225806451612903,0.06666666666666667,https://www.etfdailynews.com/2024/12/30/milestones-administradora-de-recursos-ltda-has-52-11-million-stock-holdings-in-microsoft-co-nasdaqmsft/,2024-12-30T08:08:51Z,ETF Daily News
2024-12-30,MSFT,Microsoft,Microsoft Co. (NASDAQ:MSFT) Shares Sold by New York State Teachers Retirement System,new york state teachers retirement system lowered stake shares microsoft co nasdaq msft free report third quarter according company recent disclo chars,0.0,0.02857142857142857,0.1340909090909091,https://www.etfdailynews.com/2024/12/30/microsoft-co-nasdaqmsft-shares-sold-by-new-york-state-teachers-retirement-system/,2024-12-30T08:08:50Z,ETF Daily News
2024-12-30,MRNA,Moderna,I Warned an Alberta Leftist Activist Mom About Vaccines in 2022. Last Month She Took Her 10-month Old for Flu and COVID-19 Shots and Her Baby Just Died Suddenly,wrote alberta mom jessy roos ndp activist pediatric covid mrna vaccines dont original post assume something promoting mrna vaccines children chars,0.05555555555555555,0.0,0.375,https://www.globalresearch.ca/alberta-vaccines-flu-covid-19-shots-baby-died-suddenly/5876016,2024-12-30T15:54:49Z,Globalresearch.ca
2024-12-30,MHK,Mohawk Industries,Zacks Research Issues Positive Outlook for MHK Earnings,mohawk industries inc nyse mhk free report equities research analysts zacks research increased q earnings per share eps estimates shares mohawk industries report chars,0.0,0.08823529411764706,0.4,https://www.etfdailynews.com/2024/12/30/zacks-research-issues-positive-outlook-for-mhk-earnings/,2024-12-30T06:41:22Z,ETF Daily News
2024-12-30,MSCI,MSCI,iShares MSCI United Kingdom ETF (NYSEARCA:EWU) Shares Sold by JPMorgan Chase & Co.,jpmorgan chase amp co trimmed position ishares msci united kingdom etf nysearca ewu free report rd quarter holdingschannel reports institutional investor owned chars,0.03225806451612903,0.03225806451612903,0.4,https://www.etfdailynews.com/2024/12/30/ishares-msci-united-kingdom-etf-nysearcaewu-shares-sold-by-jpmorgan-chase-co/,2024-12-30T08:43:05Z,ETF Daily News
2024-12-30,MSCI,MSCI,Barclays PLC Has $1.16 Million Stake in iShares MSCI Canada ETF (NYSEARCA:EWC),barclays plc lowered holdings ishares msci canada etf nysearca ewc free report third quarter holdings channel com reports firm owned shares exchange chars,0.030303030303030304,0.030303030303030304,0.06666666666666667,https://www.etfdailynews.com/2024/12/30/barclays-plc-has-1-16-million-stake-in-ishares-msci-canada-etf-nysearcaewc/,2024-12-30T08:25:23Z,ETF Daily News
2024-12-30,MSCI,MSCI,iShares MSCI Mexico ETF (NYSEARCA:EWW) Hits New 52-Week Low – What’s Next?,ishares msci mexico etf nysearca eww get free report reached new week low trading monday company traded low last traded volume shar chars,0.02564102564102564,0.02564102564102564,0.10727272727272727,https://www.etfdailynews.com/2024/12/30/ishares-msci-mexico-etf-nysearcaeww-hits-new-52-week-low-whats-next/,2024-12-30T14:51:02Z,ETF Daily News
2024-12-30,MSCI,MSCI,Franklin Resources Inc. Grows Stock Position in iShares MSCI China A ETF (BATS:CNYA),franklin resources inc increased holdings ishares msci china etf bats cnya free report third quarter according company recent disclosure chars,0.02857142857142857,0.02857142857142857,0.13333333333333333,https://www.etfdailynews.com/2024/12/30/franklin-resources-inc-grows-stock-position-in-ishares-msci-china-a-etf-batscnya/,2024-12-30T08:32:50Z,ETF Daily News
2024-12-30,MSCI,MSCI,"4,094 Shares in iShares MSCI Taiwan ETF (NYSEARCA:EWT) Acquired by Sanctuary Advisors LLC",sanctuary advisors llc acquired new stake shares ishares msci taiwan etf nysearca ewt free report third quarter holdingschannel reports institutional investor acquired chars,0.03125,0.03125,0.1787878787878788,https://www.etfdailynews.com/2024/12/30/4094-shares-in-ishares-msci-taiwan-etf-nysearcaewt-acquired-by-sanctuary-advisors-llc/,2024-12-30T08:27:11Z,ETF Daily News
2024-12-30,MSCI,MSCI,Jane Street Group LLC Reduces Stock Position in Fidelity MSCI Communication Services Index ETF (NYSEARCA:FCOM),jane street group llc lessened holdings shares fidelity msci communication services index etf nysearca fcom free report third quarter holdings channel reports f chars,0.030303030303030304,0.030303030303030304,0.2,https://www.etfdailynews.com/2024/12/30/jane-street-group-llc-reduces-stock-position-in-fidelity-msci-communication-services-index-etf-nysearcafcom/,2024-12-30T08:27:08Z,ETF Daily News
2024-12-30,MSCI,MSCI,iShares Core MSCI Total International Stock ETF (NASDAQ:IXUS) Short Interest Up 44.8% in December,ishares core msci total international stock etf nasdaq ixus get free report recipient significant increase short interest month december december th chars,0.02857142857142857,0.02857142857142857,0.155,https://www.etfdailynews.com/2024/12/30/ishares-core-msci-total-international-stock-etf-nasdaqixus-short-interest-up-44-8-in-december/,2024-12-30T16:52:54Z,ETF Daily News
2024-12-30,MSCI,MSCI,JPMorgan Chase & Co. Grows Stake in iShares MSCI All Country Asia ex Japan ETF (NASDAQ:AAXJ),jpmorgan chase amp co increased stake ishares msci country asia ex japan etf nasdaq aaxj free report third quarter holdings channel com reports institutional chars,0.029411764705882353,0.029411764705882353,0.2,https://www.etfdailynews.com/2024/12/30/jpmorgan-chase-co-grows-stake-in-ishares-msci-all-country-asia-ex-japan-etf-nasdaqaaxj/,2024-12-30T08:43:06Z,ETF Daily News
2024-12-30,MSCI,MSCI,iShares MSCI USA Min Vol Factor ETF (BATS:USMV) Shares Sold by JPMorgan Chase & Co.,jpmorgan chase amp co lowered position shares ishares msci usa min vol factor etf bats usmv free report third quarter according recent form f filing wi chars,0.02631578947368421,0.02631578947368421,0.13333333333333333,https://www.etfdailynews.com/2024/12/30/ishares-msci-usa-min-vol-factor-etf-batsusmv-shares-sold-by-jpmorgan-chase-co/,2024-12-30T08:43:06Z,ETF Daily News
2024-12-30,MSCI,MSCI,Why this exciting pick was my latest ASX ETF buy,always lookout investments could improve portfolio recently invested leading asx exchange traded fund etf vaneck msci international quality etf asx qual chars,0.02857142857142857,0.02857142857142857,0.0,https://www.fool.com.au/2024/12/31/why-this-exciting-pick-was-my-latest-asx-etf-buy/,2024-12-30T20:50:00Z,Motley Fool Australia
2024-12-30,NEE,NextEra Energy,"Is NextEra Energy, Inc. (NEE) the Best Dividend Growth Stock to Buy and Hold in 2025?",recently compiled list best dividend growth stocks buy hold article going take look nextera energy inc nyse nee stands oth chars,0.0,0.025,0.5,https://finance.yahoo.com/news/nextera-energy-inc-nee-best-093225458.html,2024-12-30T09:32:25Z,Yahoo Entertainment
2024-12-30,NDSN,Nordson Corporation,Nordson (NASDAQ:NDSN) Sets New 1-Year Low – Here’s What Happened,nordson co nasdaq ndsn get free report share price hit new week low mid day trading monday company traded low last traded volume chars,0.0,0.02564102564102564,0.0893939393939394,https://www.etfdailynews.com/2024/12/30/nordson-nasdaqndsn-sets-new-1-year-low-heres-what-happened/,2024-12-30T16:09:05Z,ETF Daily News
2024-12-30,NVDA,Nvidia,Palantir Is 2024's S&P 500 King. These 9 Stocks Also Had Huge Gains.,palantir technologies pltr power generation firm vistra vst two newer amp p members index top performers nvidia nvda best amp p stock chars,0.0,0.029411764705882353,0.43333333333333335,https://www.investors.com/news/sp-500-palantir-2024-stocks/,2024-12-30T12:45:24Z,Investor's Business Daily
2024-12-30,NVDA,Nvidia,"As Nvidia Tests One Line, This Fellow Mag 7 Draws Another",draws close nvidia nvda continues cling support day exponential moving average time meta platforms meta looks ring new year return chars,0.0,0.025,-0.0068181818181818205,https://www.investors.com/research/how-to-find-the-best-stocks-to-buy/meta-stock-meta-platforms-nvidia-stock/,2024-12-30T21:11:02Z,Investor's Business Daily
2024-12-30,NVDA,Nvidia,Ibiden Weighs Capacity Boost Amid Surging AI Substrate Demand,driven mostly nvidia nvda financials japanese producer ibiden looking methods boost manufacturing capacity satisfy rising demand chip substrates vital artificial intelligen chars,0.0,0.03333333333333333,0.0,https://finance.yahoo.com/news/ibiden-weighs-capacity-boost-amid-205820020.html,2024-12-30T20:58:20Z,Yahoo Entertainment
2024-12-30,NVDA,Nvidia,Jim Cramer on NVIDIA Corporation (NVDA): ‘Nvidia’s Jensen Huang Has Been Telling You Can Get 4x Your Money If You Buy His Chips’,recently published article titled jim cramer bold predictions ai stocks article going take look nvidia corporation nasdaq nvda stands chars,0.0,0.02857142857142857,0.16666666666666666,https://finance.yahoo.com/news/jim-cramer-nvidia-corporation-nvda-054435171.html,2024-12-30T05:44:35Z,Yahoo Entertainment
2024-12-30,NVDA,Nvidia,SoundHound AI: Buy or Sell in 2025?,smaller artificial intelligence stocks seemingly gone parabolic close especially backed nvidia nasdaq nvda form investment although nvidi chars,0.0,0.030303030303030304,-0.19999999999999998,https://biztoc.com/x/0e6ab74a9157ef7b,2024-12-30T10:20:17Z,Biztoc.com
2024-12-30,NVDA,Nvidia,"Days After Key Nvidia Supplier Warned Of AI Spending Slowdown, Another NVDA Partner Considers Accelerating Expansion To Meet Growing Demand",amid surge demand ai chip package substrates ibiden co significant supplier nvidia corp nasdaq nvda evaluating possibility hastening production capacity expansion chars,0.0,0.03225806451612903,0.375,https://biztoc.com/x/55a240833ecbe541,2024-12-30T09:03:26Z,Biztoc.com
2024-12-30,NVDA,Nvidia,Kovack Advisors Inc. Raises Position in NVIDIA Co. (NASDAQ:NVDA),kovack advisors inc lifted stake nvidia co nasdaq nvda free report third quarter holdings channel com reports fund owned shares computer hardware make chars,0.0,0.029411764705882353,0.2,https://www.etfdailynews.com/2024/12/30/kovack-advisors-inc-raises-position-in-nvidia-co-nasdaqnvda/,2024-12-30T09:48:43Z,ETF Daily News
2024-12-30,NVDA,Nvidia,"Rossmore Private Capital Acquires 11,486 Shares of NVIDIA Co. (NASDAQ:NVDA)",rossmore private capital grew stake shares nvidia co nasdaq nvda free report third quarter holdings channel reports institutional investor owned shares chars,0.0,0.03125,0.13333333333333333,https://www.etfdailynews.com/2024/12/30/rossmore-private-capital-acquires-11486-shares-of-nvidia-co-nasdaqnvda/,2024-12-30T08:08:50Z,ETF Daily News
2024-12-30,NVDA,Nvidia,Mizuho Securities Co. Ltd. Has $5.42 Million Stake in NVIDIA Co. (NASDAQ:NVDA),mizuho securities co ltd grew position nvidia co nasdaq nvda free report third quarter according recent f filing sec institutional inves chars,0.0,0.02857142857142857,0.07500000000000001,https://www.etfdailynews.com/2024/12/30/mizuho-securities-co-ltd-has-5-42-million-stake-in-nvidia-co-nasdaqnvda/,2024-12-30T09:48:43Z,ETF Daily News
2024-12-30,NVDA,Nvidia,"Freemont Management S.A. Buys 4,500 Shares of NVIDIA Co. (NASDAQ:NVDA)",freemont management increased stake shares nvidia co nasdaq nvda free report rd quarter holdingschannel com reports fund owned shares comp chars,0.0,0.030303030303030304,0.4,https://www.etfdailynews.com/2024/12/30/freemont-management-s-a-buys-4500-shares-of-nvidia-co-nasdaqnvda/,2024-12-30T09:14:51Z,ETF Daily News
2024-12-30,NVDA,Nvidia,NVIDIA Co. (NASDAQ:NVDA) Shares Purchased by Community Bank & Trust Waco Texas,community bank amp trust waco texas boosted stake shares nvidia co nasdaq nvda free report third quarter according recent form f filing sec chars,0.0,0.02702702702702703,0.07500000000000001,https://www.etfdailynews.com/2024/12/30/nvidia-co-nasdaqnvda-shares-purchased-by-community-bank-trust-waco-texas/,2024-12-30T08:08:51Z,ETF Daily News
2024-12-30,NVDA,Nvidia,NVIDIA Co. (NASDAQ:NVDA) is Bell Bank’s 8th Largest Position,bell bank reduced stake nvidia co nasdaq nvda free report rd quarter holdingschannel reports firm owned shares computer hardware maker stock aft chars,0.0,0.029411764705882353,0.1,https://www.etfdailynews.com/2024/12/30/nvidia-co-nasdaqnvda-is-bell-banks-8th-largest-position/,2024-12-30T09:14:50Z,ETF Daily News
2024-12-30,NVDA,Nvidia,"Angeles Investment Advisors LLC Sells 3,540 Shares of NVIDIA Co. (NASDAQ:NVDA)",angeles investment advisors llc decreased stake nvidia co nasdaq nvda free report rd quarter holdingschannel reports institutional investor owned shares th chars,0.0,0.03125,0.0,https://www.etfdailynews.com/2024/12/30/angeles-investment-advisors-llc-sells-3540-shares-of-nvidia-co-nasdaqnvda/,2024-12-30T08:43:06Z,ETF Daily News
2024-12-30,NVDA,Nvidia,Cornerstone Planning Group LLC Has $1.10 Million Position in NVIDIA Co. (NASDAQ:NVDA),cornerstone planning group llc raised position nvidia co nasdaq nvda free report third quarter holdingschannel com reports institutional investor owned shar chars,0.0,0.03333333333333333,0.2,https://www.etfdailynews.com/2024/12/30/cornerstone-planning-group-llc-has-1-10-million-position-in-nvidia-co-nasdaqnvda/,2024-12-30T09:48:43Z,ETF Daily News
2024-12-30,ON,ON Semiconductor,S&P 500 Gains and Losses Today: Index Slides Heading Into Final Session of 2024,ul li amp p fell monday dec strong year u stocks approaches final trading session li li super micro computer shares fell continuing chars,0.030303030303030304,0.030303030303030304,0.25555555555555554,https://www.investopedia.com/s-and-p-500-gains-and-losses-today-index-slides-heading-into-final-session-of-2024-8767420,2024-12-30T21:58:56Z,Investopedia
2024-12-30,ON,ON Semiconductor,U.S. stocks lower at close of trade; Dow Jones Industrial Average down 0.97%,investing com u stocks lower close monday losses consumer goods basic materials healthcare sectors led shares lower close nyse dow jones industri chars,0.02857142857142857,0.02857142857142857,0.0,https://www.investing.com/news/stock-market-news/us-stocks-lower-at-close-of-trade-dow-jones-industrial-average-down-097-3792041,2024-12-30T21:35:06Z,Investing.com
2024-12-30,ORCL,Oracle Corporation,Oracle (NYSE:ORCL) Shares Down 1.8% – Should You Sell?,oracle co nyse orcl get free report trading monday stock traded low last traded approximately shares changed hands tr chars,0.0,0.027777777777777776,0.0,https://www.etfdailynews.com/2024/12/30/oracle-nyseorcl-shares-down-1-8-should-you-sell/,2024-12-30T19:13:00Z,ETF Daily News
2024-12-30,PLTR,Palantir Technologies,Palantir Stock Went 4.5x This Year: Time To Rethink?,woman walks sign big data analytics us software company palantir stand ahead world economic forum wef annual meeting davos may photo fabrice chars,0.0,0.02564102564102564,0.1,https://www.forbes.com/sites/greatspeculations/2024/12/30/palantir-stock-went-45x-this-year-time-to-rethink/,2024-12-30T11:47:22Z,Forbes
2024-12-30,PLTR,Palantir Technologies,Palantir Is 2024's S&P 500 King. These 9 Stocks Also Had Huge Gains.,palantir technologies pltr power generation firm vistra vst two newer amp p members index top performers nvidia nvda best amp p stock chars,0.0,0.058823529411764705,0.43333333333333335,https://www.investors.com/news/sp-500-palantir-2024-stocks/,2024-12-30T12:45:24Z,Investor's Business Daily
2024-12-30,PLTR,Palantir Technologies,Prediction: 2 Brilliant Stocks Will Be Worth More Than Palantir Technologies by Year's End in 2025,palantir technologies pltr shares advanced year outpacing next closest stock amp p gspc percentage points data analytics company chars,0.0,0.06060606060606061,0.2,https://biztoc.com/x/1252c409332a8d78,2024-12-30T15:38:19Z,Biztoc.com
2024-12-30,PANW,Palo Alto Networks,Is Palo Alto Networks Stock a Buy Now?,palo alto networks nasdaq panw one world largest cybersecurity companies great long term stock growth investors invested ipo stake chars,0.0,0.08571428571428572,0.375,https://biztoc.com/x/f9b50de107f75b87,2024-12-30T02:07:04Z,Biztoc.com
2024-12-30,PANW,Palo Alto Networks,Palo Alto Networks (NASDAQ:PANW) Stock Price Down 1.8% – Here’s What Happened,shares palo alto networks inc nasdaq panw get free report mid day trading monday company traded low last traded approximately chars,0.0,0.05555555555555555,0.0,https://www.etfdailynews.com/2024/12/30/palo-alto-networks-nasdaqpanw-stock-price-down-1-8-heres-what-happened/,2024-12-30T19:12:56Z,ETF Daily News
2024-12-30,PYPL,PayPal,PayPal (NASDAQ:PYPL) Trading Down 2.1% – Here’s What Happened,paypal holdings inc nasdaq pypl get free report shares traded mid day trading monday company traded low last traded shares change chars,0.0,0.02857142857142857,0.1,https://www.etfdailynews.com/2024/12/30/paypal-nasdaqpypl-trading-down-2-1-heres-what-happened/,2024-12-30T18:45:04Z,ETF Daily News
2024-12-30,PFE,Pfizer,Pfizer (NYSE:PFE) Trading Down 1.1% – Here’s Why,shares pfizer inc nyse pfe get free report monday company traded low last traded approximately shares changed hands tradin chars,0.0,0.027777777777777776,0.0,https://www.etfdailynews.com/2024/12/30/pfizer-nysepfe-trading-down-1-1-heres-why/,2024-12-30T18:45:02Z,ETF Daily News
2024-12-30,PNC,PNC Financial Services,"PNC Financial CEO William Demchak sells $240,476 in stock",william demchak ceo pnc financial services group inc nyse pnc prominent banking institution market capitalization billion seen stock surge chars,0.02857142857142857,0.08571428571428572,0.25,https://www.investing.com/news/insider-trading-news/pnc-financial-ceo-william-demchak-sells-240476-in-stock-93CH-3791916,2024-12-30T20:45:46Z,Investing.com
2024-12-30,PG,Procter & Gamble,The Procter & Gamble Company (NYSE:PG) Short Interest Update,procter amp gamble company nyse pg get free report target large drop short interest december december th short interest totalling shares chars,0.0,0.05555555555555555,0.15357142857142858,https://www.etfdailynews.com/2024/12/30/the-procter-gamble-company-nysepg-short-interest-update/,2024-12-30T07:42:51Z,ETF Daily News
2024-12-30,PG,Procter & Gamble,Procter & Gamble (NYSE:PG) Given Buy Rating at DA Davidson,procter amp gamble nyse pg get free report stock buy rating reaffirmed stock analysts da davidson report released friday benzinga reports presently chars,0.0,0.058823529411764705,0.2,https://www.etfdailynews.com/2024/12/30/procter-gamble-nysepg-given-buy-rating-at-da-davidson/,2024-12-30T13:38:43Z,ETF Daily News
2024-12-30,QCOM,Qualcomm,QUALCOMM (NASDAQ:QCOM) Trading Down 1.7% – Should You Sell?,qualcomm incorporated nasdaq qcom get free report shares dropped trading monday company traded low last traded approximately shares chars,0.0,0.030303030303030304,0.0,https://www.etfdailynews.com/2024/12/30/qualcomm-nasdaqqcom-trading-down-1-7-should-you-sell/,2024-12-30T19:17:27Z,ETF Daily News
2024-12-30,RTX,RTX Corporation,Reviewing StandardAero (NYSE:SARO) and RTX (NYSE:RTX),rtx nyse rtx get free report standardaero nyse saro get free report aerospace companies better investment contrast two companies based stren chars,0.02857142857142857,0.02857142857142857,0.43333333333333335,https://www.etfdailynews.com/2024/12/30/reviewing-standardaero-nysesaro-and-rtx-nysertx/,2024-12-30T11:32:43Z,ETF Daily News
2024-12-30,RTX,RTX Corporation,"SK Wealth Management LLC Makes New $446,000 Investment in RTX Co. (NYSE:RTX)",sk wealth management llc bought new stake rtx co nyse rtx free report third quarter according company recent form f filing securities exchange comm chars,0.02631578947368421,0.02631578947368421,0.1340909090909091,https://www.etfdailynews.com/2024/12/30/sk-wealth-management-llc-makes-new-446000-investment-in-rtx-co-nysertx/,2024-12-30T20:23:01Z,ETF Daily News
2024-12-30,SRE,Sempra,Sempra (NYSE:SRE) Shares Acquired by JPMorgan Chase & Co.,jpmorgan chase amp co increased stake shares sempra nyse sre free report rd quarter according recent f filing securities exchange commissi chars,0.0,0.027777777777777776,0.2,https://www.etfdailynews.com/2024/12/30/sempra-nysesre-shares-acquired-by-jpmorgan-chase-co/,2024-12-30T08:43:05Z,ETF Daily News
2024-12-30,TSLA,"Tesla, Inc.","Jim Cramer on Tesla, Inc (TSLA): ‘Shares Of Tesla Are Down About 13% Year To Date’",recently published article titled jim cramer bold predictions ai stocks article going take look tesla inc nasdaq tsla stands chars,0.0,0.027777777777777776,0.16666666666666666,https://finance.yahoo.com/news/jim-cramer-tesla-inc-tsla-051807610.html,2024-12-30T05:18:07Z,Yahoo Entertainment
2024-12-30,TSLA,"Tesla, Inc.","SK Wealth Management LLC Makes New Investment in Tesla, Inc. (NASDAQ:TSLA)",sk wealth management llc acquired new stake shares tesla inc nasdaq tsla free report rd quarter according company recent filing securities e chars,0.0,0.05405405405405406,0.1787878787878788,https://www.etfdailynews.com/2024/12/30/sk-wealth-management-llc-makes-new-investment-in-tesla-inc-nasdaqtsla/,2024-12-30T20:23:03Z,ETF Daily News
2024-12-30,TSLA,"Tesla, Inc.",Tesla (NASDAQ:TSLA) Shares Down 3% – Here’s What Happened,tesla inc nasdaq tsla get free report traded trading monday company traded low last traded shares traded hands mid day tr chars,0.0,0.05555555555555555,0.1,https://www.etfdailynews.com/2024/12/30/tesla-nasdaqtsla-shares-down-3-heres-what-happened/,2024-12-30T18:14:47Z,ETF Daily News
2024-12-30,TJX,TJX Companies,Off-price retailer TJX is set for another stellar year as a reliable defensive stock,tjx companies seamlessly became leading retailer price category operational acumen tenured inventory management expertise tjx could also benefit event chars,0.0625,0.09375,0.1,https://biztoc.com/x/2a674850e0ce5195,2024-12-30T16:32:55Z,Biztoc.com
2024-12-30,UBER,Uber,Dallas Love Field moving rideshare area closer after passengers’ backlash,dallas love field travelers wont journey far catch uber lyft airport starting friday airport officials say theyre moving rideshare pickup area closer terminal chars,0.027777777777777776,0.027777777777777776,0.19999999999999998,https://www.dallasnews.com/business/airlines/2024/12/30/dallas-love-field-moving-rideshare-area-closer-after-passengers-backlash/,2024-12-30T23:08:27Z,The Dallas Morning News
2024-12-30,UPS,United Parcel Service,United Parcel Service (NYSE:UPS) Stock Price Down 0.9% – Here’s Why,united parcel service inc nyse ups get free report share price traded trading monday stock traded low last traded shares chars,0.0,0.05405405405405406,0.13333333333333333,https://www.etfdailynews.com/2024/12/30/united-parcel-service-nyseups-stock-price-down-0-9-heres-why/,2024-12-30T18:45:00Z,ETF Daily News
2024-12-30,UNH,UnitedHealth Group,Is UnitedHealth Group Inc. (UNH) the Best Stock for 10 Years?,recently compiled list long term stock portfolio best stocks years article going take look unitedhealth group inc nyse unh stands oth chars,0.0,0.05405405405405406,0.31666666666666665,https://finance.yahoo.com/news/unitedhealth-group-inc-unh-best-192409844.html,2024-12-30T19:24:09Z,Yahoo Entertainment
2024-12-30,UNH,UnitedHealth Group,Is UnitedHealth Group Stock a Buy?,u healthcare system behemoth industrywide expenditures totaled trillion per american unitedhealth group nyse unh industry center healthca chars,0.0,0.0625,-0.05,https://biztoc.com/x/28c1a10060d94d39,2024-12-30T11:15:14Z,Biztoc.com
2024-12-30,UNH,UnitedHealth Group,SK Wealth Management LLC Purchases Shares of 601 UnitedHealth Group Incorporated (NYSE:UNH),sk wealth management llc purchased new position unitedhealth group incorporated nyse unh free report rd quarter according company recent form f filing chars,0.0,0.05555555555555555,0.1787878787878788,https://www.etfdailynews.com/2024/12/30/sk-wealth-management-llc-purchases-shares-of-601-unitedhealth-group-incorporated-nyseunh/,2024-12-30T20:23:01Z,ETF Daily News
2024-12-30,VLTO,Veralto,Veralto Co. (NYSE:VLTO) Stock Position Raised by JPMorgan Chase & Co.,jpmorgan chase amp co boosted position shares veralto co nyse vlto free report rd quarter according company recent filing sec chars,0.0,0.02631578947368421,0.10000000000000002,https://www.etfdailynews.com/2024/12/30/veralto-co-nysevlto-stock-position-raised-by-jpmorgan-chase-co/,2024-12-30T08:43:07Z,ETF Daily News
2024-12-30,VRSN,Verisign,Warren Buffett Puts Cash Reserves To Work Buying S&P 500 Underperformer,warren buffett cash reserves time highs heading past weeks scooping shares amp p component verisign vrsn upping bet chars,0.0,0.02702702702702703,-0.25,https://www.investors.com/news/warren-buffett-buys-underperforming-sp-500-stock/,2024-12-30T14:14:56Z,Investor's Business Daily
2024-12-30,VRSN,Verisign,Warren Buffett Puts Cash Reserves To Work Buying S&P 500 Underperformer,warren buffett cash reserves time highs heading past weeks scooping shares amp p component verisign vrsn upping bet chars,0.0,0.02702702702702703,-0.25,https://biztoc.com/x/db1715d53037945d,2024-12-30T14:32:19Z,Biztoc.com
2024-12-30,VZ,Verizon,Verizon Communications (NYSE:VZ) Stock Price Down 1.2% – Should You Sell?,shares verizon communications inc nyse vz get free report traded mid day trading monday stock traded low last traded shares cha chars,0.0,0.027777777777777776,0.1,https://www.etfdailynews.com/2024/12/30/verizon-communications-nysevz-stock-price-down-1-2-should-you-sell/,2024-12-30T19:12:56Z,ETF Daily News
2024-12-30,VRTX,Vertex Pharmaceuticals,SK Wealth Management LLC Takes Position in Vertex Pharmaceuticals Incorporated (NASDAQ:VRTX),sk wealth management llc purchased new position vertex pharmaceuticals incorporated nasdaq vrtx free report third quarter according company recent disclosure w chars,0.0,0.0625,0.1340909090909091,https://www.etfdailynews.com/2024/12/30/sk-wealth-management-llc-takes-position-in-vertex-pharmaceuticals-incorporated-nasdaqvrtx/,2024-12-30T20:22:57Z,ETF Daily News
2024-12-30,V,Visa Inc.,"ROSEN, SKILLED INVESTOR COUNSEL, Encourages Visa Inc. Investors to Secure Counsel Before Important Deadline in Securities Class Action First Filed by the Firm - V",new york new york newsfile corp december rosen law firm global investor rights law firm reminds purchasers securities visa inc nyse nyse v november chars,0.0,0.027777777777777776,-0.025454545454545462,https://www.investing.com/news/press-releases/rosen-skilled-investor-counsel-encourages-visa-inc-investors-to-secure-counsel-before-important-deadline-in-securities-class-action-first-filed-by-the-firm--v-93CH-3790830,2024-12-30T00:20:03Z,Investing.com
2024-12-30,V,Visa Inc.,"ROSEN, NATIONAL TRIAL LAWYERS, Encourages Visa Inc. Investors to Secure Counsel Before Important Deadline in Securities Class Action First Filed by the Firm – V",new york dec globe newswire rosen law firm global investor rights law firm reminds purchasers securities visa inc nyse v november september chars,0.0,0.05555555555555555,-0.06590909090909092,https://www.globenewswire.com/news-release/2024/12/30/3002868/673/en/ROSEN-NATIONAL-TRIAL-LAWYERS-Encourages-Visa-Inc-Investors-to-Secure-Counsel-Before-Important-Deadline-in-Securities-Class-Action-First-Filed-by-the-Firm-V.html,2024-12-30T20:41:00Z,GlobeNewswire
2024-12-30,VST,Vistra Corp.,Vistra (NYSE:VST) Trading Down 2.1% – Time to Sell?,shares vistra corp nyse vst get free report fell trading monday company traded low last traded shares traded hands trading chars,0.0,0.05555555555555555,0.13333333333333333,https://www.etfdailynews.com/2024/12/30/vistra-nysevst-trading-down-2-1-time-to-sell/,2024-12-30T18:44:58Z,ETF Daily News
2024-12-30,WAB,Wabtec,Wabtec Acquires Bloom Engineering to Strengthen its Heat Transfer and Energy Solution Portfolio,pittsburgh wabtec corporation nyse wab announced today acquired bloom engineering inc leading provider industrial heating applications acquisition strengthens wabtecs portfoli chars,0.0,0.037037037037037035,0.0,https://financialpost.com/pmn/business-wire-news-releases-pmn/wabtec-acquires-bloom-engineering-to-strengthen-its-heat-transfer-and-energy-solution-portfolio,2024-12-30T12:10:47Z,Financial Post
2024-12-30,WBA,Walgreens Boots Alliance,"Analysts Set Walgreens Boots Alliance, Inc. (NASDAQ:WBA) PT at $12.58",shares walgreens boots alliance inc nasdaq wba get free report earned consensus rating reduce fifteen analysts covering firm marketbeat ratings reports fo chars,0.0,0.06060606060606061,0.1,https://www.etfdailynews.com/2024/12/30/analysts-set-walgreens-boots-alliance-inc-nasdaqwba-pt-at-12-58/,2024-12-30T08:02:53Z,ETF Daily News
2024-12-30,WMT,Walmart,Walmart (NYSE:WMT) Trading Down 1.6% After Insider Selling,walmart inc nyse wmt get free report shares mid day trading monday following insider selling activity company traded low last traded app chars,0.0,0.02857142857142857,0.08,https://www.etfdailynews.com/2024/12/30/walmart-nysewmt-trading-down-1-6-after-insider-selling/,2024-12-30T16:32:51Z,ETF Daily News
2024-12-30,WBD,Warner Bros. Discovery,Warner Bros. Discovery Board Member Li Haslett Chen Announces Plan To Step Down,change afoot board directors warner bros discovery li haslett chen announced plan resign board seat january brief sec filing monday revealed mo chars,0.0,0.05128205128205128,-0.05,http://deadline.com/2024/12/warner-bros-discovery-board-of-directors-li-haslett-chen-resigning-1236243636/,2024-12-30T21:32:25Z,Deadline
2024-12-30,WBD,Warner Bros. Discovery,"WARNER BROS. DISCOVERY, INC. (NASDAQ: WBD) DEADLINE ALERT: Bernstein Liebhard LLP Reminds Warner Bros. Discovery, Inc. Investors of Upcoming Deadline",new york dec globe newswire bernstein liebhard llp ul li shares warner bros discovery inc nasdaq wbd li li purchase shares chars,0.0,0.0625,0.13636363636363635,https://www.globenewswire.com/news-release/2024/12/30/3002799/0/en/WARNER-BROS-DISCOVERY-INC-NASDAQ-WBD-DEADLINE-ALERT-Bernstein-Liebhard-LLP-Reminds-Warner-Bros-Discovery-Inc-Investors-of-Upcoming-Deadline.html,2024-12-30T17:30:00Z,GlobeNewswire
2024-12-30,WBD,Warner Bros. Discovery,"ROSEN, SKILLED INVESTOR COUNSEL, Encourages Warner Bros. Discovery, Inc. Investors to Secure Counsel Before Important Deadline in Securities Class Action - WBD",new york new york newsfile corp december rosen law firm global investor rights law firm reminds purchasers securities warner bros discovery inc nasdaq nasdaq wbd chars,0.0,0.06060606060606061,-0.025454545454545462,https://www.investing.com/news/press-releases/rosen-skilled-investor-counsel-encourages-warner-bros-discovery-inc-investors-to-secure-counsel-before-important-deadline-in-securities-class-action--wbd-93CH-3790925,2024-12-30T05:08:03Z,Investing.com
2024-12-30,WBD,Warner Bros. Discovery,Warner Bros. Discovery Board Member Li Haslett Chen Resigns,li haslett chen founder ceo social media commerce company howl stepping warner bros discovery board directors devote full time howl chen exit wbd chars,0.0,0.05714285714285714,0.19166666666666665,https://variety.com/2024/biz/news/warner-bros-discovery-board-li-haslett-chen-resigns-1236262382/,2024-12-30T21:31:20Z,Variety
2024-12-30,WBD,Warner Bros. Discovery,Li Haslett Chen to Exit Warner Bros. Discovery Board,howl ceo li haslett chen stepping board directors warner bros discovery hollywood studio regulatory filing monday announced departure haslett chen wa chars,0.0,0.05555555555555555,0.0,http://www.hollywoodreporter.com/business/business-news/li-haslett-chen-exit-warner-bros-discovery-board-1236095941/,2024-12-30T21:41:16Z,Hollywood Reporter
